{"FUFPI-CC": {"A1": 3, "A2": 20, "A3": 42, "A4": 38, "B1": 21, "B2": 7, "B3": 17, "B4": 43, "C": 0, "NF": 51, "proporcao": 91.50000000000001, "totalPropPerm": 6.695121951219513, "totalPermColab": 6.238636363636365, "permCola": 14.666666666666666, "perm": 13.666666666666666}, "FUFSE-CC": {"A1": 5, "A2": 5, "A3": 47, "A4": 43, "B1": 20, "B2": 6, "B3": 23, "B4": 16, "C": 0, "NF": 46, "proporcao": 85.8, "totalPropPerm": 5.72, "totalPermColab": 4.151612903225806, "permCola": 20.666666666666668, "perm": 15.0}, "FURG-C": {"A1": 6, "A2": 13, "A3": 59, "A4": 27, "B1": 50, "B2": 11, "B3": 12, "B4": 72, "C": 0, "NF": 190, "proporcao": 110.5, "totalPropPerm": 5.1796875, "totalPermColab": 4.947761194029851, "permCola": 22.333333333333332, "perm": 21.333333333333332}, "IFCE-CC": {"A1": 4, "A2": 10, "A3": 25, "A4": 38, "B1": 19, "B2": 9, "B3": 4, "B4": 30, "C": 0, "NF": 27, "proporcao": 68.45, "totalPropPerm": 4.5633333333333335, "totalPermColab": 4.026470588235294, "permCola": 17.0, "perm": 15.0}, "IME-SC": {"A1": 4, "A2": 3, "A3": 9, "A4": 30, "B1": 15, "B2": 9, "B3": 6, "B4": 7, "C": 0, "NF": 9, "proporcao": 42.375, "totalPropPerm": 4.383620689655173, "totalPermColab": 3.97265625, "permCola": 10.666666666666666, "perm": 9.666666666666666}, "PUC-MG-I": {"A1": 1, "A2": 14, "A3": 29, "A4": 21, "B1": 20, "B2": 6, "B3": 11, "B4": 6, "C": 0, "NF": 9, "proporcao": 60.725, "totalPropPerm": 5.358088235294118, "totalPermColab": 5.060416666666667, "permCola": 12.0, "perm": 11.333333333333334}, "UDESC-CA": {"A1": 1, "A2": 11, "A3": 25, "A4": 53, "B1": 37, "B2": 14, "B3": 23, "B4": 21, "C": 0, "NF": 78, "proporcao": 87.14999999999999, "totalPropPerm": 5.942045454545454, "totalPermColab": 5.562765957446808, "permCola": 15.666666666666666, "perm": 14.666666666666666}, "UECE-CC": {"A1": 4, "A2": 8, "A3": 25, "A4": 15, "B1": 15, "B2": 4, "B3": 8, "B4": 27, "C": 0, "NF": 13, "proporcao": 49.574999999999996, "totalPropPerm": 4.374264705882353, "totalPermColab": 4.2492857142857146, "permCola": 11.666666666666666, "perm": 11.333333333333334}, "UEL-CC": {"A1": 3, "A2": 3, "A3": 14, "A4": 29, "B1": 12, "B2": 3, "B3": 12, "B4": 5, "C": 0, "NF": 18, "proporcao": 42.300000000000004, "totalPropPerm": 4.23, "totalPermColab": 3.0951219512195127, "permCola": 13.666666666666666, "perm": 10.0}, "UEM-CC": {"A1": 4, "A2": 6, "A3": 23, "A4": 20, "B1": 26, "B2": 13, "B3": 9, "B4": 6, "C": 0, "NF": 44, "proporcao": 55.8, "totalPropPerm": 3.9857142857142853, "totalPermColab": 3.3479999999999994, "permCola": 16.666666666666668, "perm": 14.0}, "UERN-UFERSA-CC": {"A1": 0, "A2": 3, "A3": 10, "A4": 8, "B1": 7, "B2": 1, "B3": 29, "B4": 11, "C": 0, "NF": 24, "proporcao": 22.275000000000002, "totalPropPerm": 1.629878048780488, "totalPermColab": 1.1723684210526317, "permCola": 19.0, "perm": 13.666666666666666}, "UFABC-CC": {"A1": 8, "A2": 6, "A3": 40, "A4": 32, "B1": 27, "B2": 9, "B3": 19, "B4": 23, "C": 0, "NF": 72, "proporcao": 81.60000000000001, "totalPropPerm": 2.128695652173913, "totalPermColab": 1.7485714285714289, "permCola": 46.666666666666664, "perm": 38.333333333333336}, "UFAL-I": {"A1": 1, "A2": 6, "A3": 29, "A4": 18, "B1": 10, "B2": 5, "B3": 6, "B4": 21, "C": 0, "NF": 22, "proporcao": 46.9, "totalPropPerm": 2.93125, "totalPermColab": 2.2333333333333334, "permCola": 21.0, "perm": 16.0}, "UFBA-CC": {"A1": 13, "A2": 9, "A3": 59, "A4": 115, "B1": 51, "B2": 10, "B3": 9, "B4": 28, "C": 0, "NF": 47, "proporcao": 166.8, "totalPropPerm": 5.267368421052632, "totalPermColab": 4.101639344262296, "permCola": 40.666666666666664, "perm": 31.666666666666668}, "UFCG-CC": {"A1": 4, "A2": 27, "A3": 48, "A4": 26, "B1": 31, "B2": 12, "B3": 4, "B4": 15, "C": 0, "NF": 21, "proporcao": 98.92500000000001, "totalPropPerm": 3.2258152173913044, "totalPermColab": 2.4731250000000005, "permCola": 40.0, "perm": 30.666666666666668}, "UFES-I": {"A1": 8, "A2": 27, "A3": 68, "A4": 39, "B1": 16, "B2": 18, "B3": 35, "B4": 31, "C": 0, "NF": 40, "proporcao": 123.64999999999999, "totalPropPerm": 4.469277108433735, "totalPermColab": 4.121666666666666, "permCola": 30.0, "perm": 27.666666666666668}, "UFG-DCC": {"A1": 16, "A2": 11, "A3": 46, "A4": 51, "B1": 19, "B2": 10, "B3": 19, "B4": 16, "C": 0, "NF": 79, "proporcao": 106.2, "totalPropPerm": 3.353684210526316, "totalPermColab": 3.123529411764706, "permCola": 34.0, "perm": 31.666666666666668}, "UFJF-CC": {"A1": 10, "A2": 5, "A3": 51, "A4": 55, "B1": 26, "B2": 12, "B3": 6, "B4": 23, "C": 0, "NF": 25, "proporcao": 104.15, "totalPropPerm": 8.679166666666667, "totalPermColab": 6.249, "permCola": 16.666666666666668, "perm": 12.0}, "UFLA-CC": {"A1": 1, "A2": 5, "A3": 20, "A4": 50, "B1": 20, "B2": 11, "B3": 19, "B4": 2, "C": 0, "NF": 61, "proporcao": 65.825, "totalPropPerm": 5.337162162162162, "totalPermColab": 4.592441860465116, "permCola": 14.333333333333334, "perm": 12.333333333333334}, "UFMA-CC": {"A1": 0, "A2": 8, "A3": 20, "A4": 32, "B1": 25, "B2": 6, "B3": 19, "B4": 29, "C": 0, "NF": 52, "proporcao": 59.050000000000004, "totalPropPerm": 4.920833333333333, "totalPermColab": 3.851086956521739, "permCola": 15.333333333333334, "perm": 12.0}, "UFMS-CC": {"A1": 2, "A2": 11, "A3": 10, "A4": 17, "B1": 5, "B2": 3, "B3": 2, "B4": 12, "C": 0, "NF": 2, "proporcao": 33.650000000000006, "totalPropPerm": 1.6549180327868855, "totalPermColab": 1.3460000000000003, "permCola": 25.0, "perm": 20.333333333333332}, "UFMS-UFG-CC": {"A1": 12, "A2": 8, "A3": 37, "A4": 25, "B1": 12, "B2": 3, "B3": 7, "B4": 16, "C": 0, "NF": 18, "proporcao": 70.475, "totalPropPerm": 1.6914, "totalPermColab": 1.4889084507042252, "permCola": 47.333333333333336, "perm": 41.666666666666664}, "UFOP-CC": {"A1": 6, "A2": 11, "A3": 24, "A4": 32, "B1": 17, "B2": 11, "B3": 27, "B4": 20, "C": 0, "NF": 19, "proporcao": 68.025, "totalPropPerm": 4.342021276595745, "totalPermColab": 3.6441964285714286, "permCola": 18.666666666666668, "perm": 15.666666666666666}, "UFPA-CCD": {"A1": 20, "A2": 17, "A3": 27, "A4": 84, "B1": 40, "B2": 32, "B3": 47, "B4": 75, "C": 0, "NF": 40, "proporcao": 142.475, "totalPropPerm": 7.369396551724138, "totalPermColab": 6.476136363636363, "permCola": 22.0, "perm": 19.333333333333332}, "UFPB-JP-I": {"A1": 0, "A2": 3, "A3": 18, "A4": 35, "B1": 21, "B2": 4, "B3": 15, "B4": 34, "C": 0, "NF": 41, "proporcao": 52.5, "totalPropPerm": 3.5, "totalPermColab": 2.8125, "permCola": 18.666666666666668, "perm": 15.0}, "UFPE-CC": {"A1": 40, "A2": 58, "A3": 123, "A4": 138, "B1": 73, "B2": 22, "B3": 26, "B4": 45, "C": 0, "NF": 76, "proporcao": 315.0, "totalPropPerm": 7.875, "totalPermColab": 6.654929577464788, "permCola": 47.333333333333336, "perm": 40.0}, "UFPEL-C": {"A1": 8, "A2": 34, "A3": 40, "A4": 52, "B1": 57, "B2": 28, "B3": 23, "B4": 58, "C": 0, "NF": 80, "proporcao": 139.55, "totalPropPerm": 6.977500000000001, "totalPermColab": 5.299367088607595, "permCola": 26.333333333333332, "perm": 20.0}, "UFRJ-I": {"A1": 8, "A2": 9, "A3": 33, "A4": 40, "B1": 21, "B2": 19, "B3": 29, "B4": 20, "C": 0, "NF": 48, "proporcao": 83.825, "totalPropPerm": 3.10462962962963, "totalPermColab": 2.825561797752809, "permCola": 29.666666666666668, "perm": 27.0}, "UFRPE-IA": {"A1": 4, "A2": 8, "A3": 26, "A4": 41, "B1": 21, "B2": 15, "B3": 3, "B4": 27, "C": 0, "NF": 37, "proporcao": 71.27499999999999, "totalPropPerm": 3.8877272727272727, "totalPermColab": 3.1444852941176467, "permCola": 22.666666666666668, "perm": 18.333333333333332}, "UFSCAR-CC": {"A1": 11, "A2": 29, "A3": 89, "A4": 83, "B1": 41, "B2": 28, "B3": 14, "B4": 54, "C": 0, "NF": 81, "proporcao": 185.2, "totalPropPerm": 4.0852941176470585, "totalPermColab": 3.2302325581395346, "permCola": 57.333333333333336, "perm": 45.333333333333336}, "UFSM-CC": {"A1": 8, "A2": 18, "A3": 48, "A4": 29, "B1": 42, "B2": 10, "B3": 13, "B4": 20, "C": 0, "NF": 110, "proporcao": 103.175, "totalPropPerm": 3.158418367346939, "totalPermColab": 3.0952499999999996, "permCola": 33.333333333333336, "perm": 32.666666666666664}, "UFU-CC": {"A1": 13, "A2": 26, "A3": 82, "A4": 62, "B1": 21, "B2": 22, "B3": 9, "B4": 28, "C": 0,